labels,movie_name,nums,ranking,rate,score,score_num,title
,,,,,27075195,,
,,,,,30409395,,
,,,,,27202985,,
,,,,,25970953,,
,,,,,30258179,,
,,,,,30148258,,
,,,,,30196806,,
,,,,,30409718,,
,,,,,26928824,,
,,,,,30423367,,
,,,,,27202960,,
,,,,,27172911,,
,,,,,30395527,,
,,,,,26675617,,
,,,,,30345127,,
,,,,,27594303,,
,,,,,26928226,,
,,,,,27663745,,
,,,,,30139731,,
,,,,,30402198,,
[['爱情']],,30258179,,7.3,,2019,奈何boss要娶我‎ (2019)
"[['动画', '奇幻', '古装']]",,30345127,,8.3,,2018,少年歌行‎ (2018)
[['动画']],,30409395,,3.9,,2019,领风者‎ (2019)
"[['动作', '奇幻', '冒险']]",,27202985,,7.9,,2019,怒晴湘西‎ (2019)
"[['爱情', '奇幻', '古装']]",,27075195,,5.6,,2019,招摇‎ (2019)
"[['剧情', '古装']]",,25970953,,4.7,,2019,皓镧传‎ (2019)
"[['剧情', '爱情', '古装']]",,26928226,,7.5,,2018,知否知否应是绿肥红瘦‎ (2018)
"[['剧情', '爱情']]",,27663745,,6.2,,2018,喜欢你时风好甜‎ (2018)
"[['剧情', '家庭']]",,27594303,,3.9,,2018,姥姥的饺子馆‎ (2018)
"[['爱情', '动画', '奇幻']]",,30395527,,7.8,,2018,萌妻食神‎ (2018)
"[['爱情', '古装']]",,27202960,,6.1,,2019,小女花不弃‎ (2019)
"[['剧情', '爱情']]",,27172911,,5.8,,2019,幕后之王‎ (2019)
"[['爱情', '悬疑', '惊悚']]",,30423367,,6.9,,2019,亲密侵略者‎ (2019)
[['剧情']],,30196806,,7.5,,2019,独家记忆‎ (2019)
"[['犯罪', '悬疑']]",,30139731,,6.3,,2018,原生之罪 第一季‎ (2018)
"[['剧情', '悬疑', '冒险']]",,26675617,,6.9,,2018,古董局中局‎ (2018)
"[['动画', '奇幻', '武侠', '古装']]",,30402198,,8.1,,2018,雪鹰领主‎ (2018)
"[['剧情', '悬疑']]",,26928824,,5.9,,2019,天衣无缝‎ (2019)
[['动画']],,30409718,,9.1,,2019,请吃红小豆吧！第二季‎ (2019)
"[['爱情', '奇幻', '古装']]",,30148258,,6.3,,2019,绝世千金‎ (2019)
,,,,,30158965,,
,,,,,30312888,,
,,,,,30389234,,
,,,,,30217609,,
,,,,,26797690,,
,,,,,26738639,,
,,,,,26606775,,
,,,,,27624636,,
,,,,,30201023,,
,,,,,30402130,,
,,,,,30352908,,
,,,,,26901432,,
,,,,,30382825,,
,,,,,27615866,,
,,,,,30135448,,
,,,,,30367833,,
,,,,,30367827,,
,,,,,26386688,,
,,,,,30142136,,
,,,,,27172912,,
"[['剧情', '喜剧', '动画', '奇幻']]",,30389234,,7.7,,2018,戏隐江湖‎ (2018)
"[['喜剧', '悬疑', '奇幻', '古装']]",,30217609,,6.9,,2018,重明卫：大明机密‎ (2018)
[['剧情']],,30312888,,6.9,,2018,江河水‎ (2018)
"[['爱情', '奇幻']]",,30158965,,6.5,,2018,我与你的光年距离2‎ (2018)
[['剧情']],,26797690,,8.9,,2018,大江大河‎ (2018)
"[['剧情', '家庭']]",,30201023,,7.1,,2018,那座城这家人‎ (2018)
"[['喜剧', '爱情', '动画', '古装']]",,30402130,,7.4,,2018,通灵妃‎ (2018)
"[['喜剧', '短片']]",,30352908,,7.0,,2018,生活对我下手了‎ (2018)
[['爱情']],,27624636,,6.0,,2018,大约是爱‎ (2018)
[['爱情']],,26606775,,7.0,,2018,浪漫星星‎ (2018)
"[['剧情', '爱情', '家庭']]",,26738639,,6.7,,2018,外滩钟声‎ (2018)
"[['剧情', '爱情']]",,26386688,,5.6,,2018,你和我的倾城时光‎ (2018)
[[]],,30367833,,5.2,,2018,我家徒弟又挂了‎ (2018)
"[['犯罪', '悬疑']]",,30135448,,6.2,,2018,罪案心理小组X‎ (2018)
"[['剧情', '爱情']]",,27615866,,7.6,,2018,人不彪悍枉少年‎ (2018)
"[['剧情', '悬疑']]",,30367827,,5.5,,2018,千门江湖之诡面疑云‎ (2018)
[['剧情']],,27172912,,7.3,,2018,我们的四十年‎ (2018)
[['真人秀']],,30382825,,7.0,,2018,最美的时光‎ (2018)
[['爱情']],,30142136,,3.4,,2018,我的保姆手册‎ (2018)
"[['爱情', '古装']]",,26901432,,4.0,,2018,火王之破晓之战‎ (2018)
,,,,,27180960,,
,,,,,30412240,,
,,,,,26787123,,
,,,,,26705728,,
,,,,,30175347,,
,,,,,26848645,,
,,,,,27186648,,
,,,,,27191348,,
,,,,,27195038,,
,,,,,30351548,,
,,,,,30360057,,
,,,,,27160612,,
,,,,,26469969,,
,,,,,27073039,,
,,,,,26665352,,
,,,,,30122630,,
,,,,,27616489,,
,,,,,26900553,,
,,,,,30337864,,
,,,,,30337186,,
"[['剧情', '古装']]",,26705728,,4.2,,2018,回到明朝当王爷‎ (2018)
"[['剧情', '爱情', '家庭']]",,27180960,,6.8,,2018,幸福一家人‎ (2018)
"[['爱情', '奇幻', '古装']]",,27186648,,5.3,,2018,唐砖‎ (2018)
[['脱口秀']],,30412240,,7.9,,2018,吐槽吐槽大会 第三季‎ (2018)
"[['剧情', '奇幻']]",,26848645,,7.4,,2018,将夜‎ (2018)
[['剧情']],,27073039,,7.8,,2018,正阳门下小女人‎ (2018)
[['爱情']],,26787123,,6.9,,2018,原来你还在这里‎ (2018)
[['剧情']],,30175347,,5.5,,2018,黄土高天‎ (2018)
"[['爱情', '奇幻', '古装']]",,26469969,,6.0,,2018,盛唐幻夜‎ (2018)
"[['动画', '奇幻', '武侠']]",,30337864,,8.3,,2018,星辰变‎ (2018)
"[['动作', '动画', '武侠']]",,27191348,,8.2,,2018,画江湖之不良人Ⅲ‎ (2018)
"[['喜剧', '爱情']]",,30351548,,8.3,,2018,教室的那一间‎ (2018)
"[['剧情', '动作', '悬疑']]",,27160612,,7.3,,2018,悍城‎ (2018)
"[['儿童', '喜剧', '动画']]",,30337186,,8.7,,2018,0号宿舍‎ (2018)
"[['爱情', '古装']]",,27195038,,6.6,,2018,双世宠妃Ⅱ‎ (2018)
"[['儿童', '动画']]",,30360057,,8.0,,2018,鹿精灵之寻找兵马俑‎ (2018)
"[['剧情', '爱情', '运动']]",,26900553,,6.2,,2018,极速青春‎ (2018)
[['剧情']],,27616489,,6.8,,2018,人间规则‎ (2018)
"[['剧情', '爱情']]",,26665352,,3.7,,2018,创业时代‎ (2018)
[['剧情']],,30122630,,6.5,,2018,降龙之白露为霜‎ (2018)
,,,,,27097743,,
,,,,,30331440,,
,,,,,30241701,,
,,,,,27663746,,
,,,,,30243303,,
,,,,,27163772,,
,,,,,27198152,,
,,,,,27036972,,
,,,,,26774173,,
,,,,,30368405,,
,,,,,26855712,,
,,,,,27186591,,
,,,,,26946399,,
,,,,,27083552,,
,,,,,26877848,,
,,,,,26882446,,
,,,,,26638511,,
,,,,,30346836,,
,,,,,27119802,,
,,,,,26923049,,
[['剧情']],,27097743,,6.5,,2018,你迟到的许多年‎ (2018)
"[['剧情', '喜剧', '动画']]",,30243303,,8.9,,2018,剑网3·侠肝义胆沈剑心‎ (2018)
"[['爱情', '奇幻', '古装']]",,27663746,,6.4,,2018,我在大理寺当宠物‎ (2018)
"[['剧情', '喜剧']]",,30331440,,7.4,,2018,好戏一出‎ (2018)
"[['喜剧', '科幻', '古装']]",,30241701,,7.0,,2018,颤抖吧阿部之朵星风云‎ (2018)
"[['犯罪', '悬疑']]",,30368405,,4.3,,2018,追捕者‎ (2018)
[['爱情']],,26855712,,4.2,,2018,再见王沥川‎ (2018)
"[['剧情', '爱情']]",,26774173,,4.9,,2018,凉生，我们可不可以不忧伤‎ (2018)
"[['剧情', '犯罪', '悬疑']]",,27198152,,6.2,,2018,蚀日风暴 蝕日風暴‎ (2018)
[['剧情']],,27036972,,6.5,,2018,橙红年代‎ (2018)
[['剧情']],,26877848,,2.5,,2018,娘道‎ (2018)
"[['奇幻', '古装']]",,26882446,,4.6,,2018,斗破苍穹‎ (2018)
"[['喜剧', '奇幻', '古装']]",,27163772,,6.0,,2018,鸣鸿传‎ (2018)
"[['历史', '动画']]",,30346836,,8.1,,2018,如果历史是一群喵‎ (2018)
[['剧情']],,26638511,,6.9,,2018,远方的家‎ (2018)
"[['剧情', '爱情']]",,27083552,,6.2,,2018,许你浮生若梦‎ (2018)
"[['喜剧', '爱情']]",,26946399,,6.1,,2018,舌害‎ (2018)
"[['剧情', '悬疑', '冒险']]",,27119802,,7.6,,2018,天坑鹰猎‎ (2018)
,,,,,30230181,,
,,,,,30299263,,
,,,,,27108737,,
,,,,,25812730,,
,,,,,27157730,,
,,,,,27054074,,
,,,,,26710256,,
,,,,,26761328,,
,,,,,27005229,,
,,,,,27083735,,
,,,,,27198145,,
,,,,,27197312,,
,,,,,26756260,,
,,,,,27143690,,
[['剧情']],,26923049,,6.7,,2018,再创世纪‎ (2018)
"[['剧情', '犯罪', '惊悚']]",,27186591,,6.3,,2018,陌生人 Strangers‎ (2018)
,,,,,26920281,,
,,,,,27034586,,
,,,,,27126973,,
,,,,,30279911,,
,,,,,26855827,,
,,,,,27089387,,
[['剧情']],,27054074,,5.0,,2018,桃花依旧笑春风‎ (2018)
"[['剧情', '爱情']]",,27108737,,5.1,,2018,月嫂先生‎ (2018)
"[['剧情', '历史', '古装']]",,25812730,,7.4,,2018,如懿传‎ (2018)
[['动画']],,30299263,,7.7,,2018,喂，看见耳朵啦 ほら、耳がみえてるよ！‎ (2018)
"[['科幻', '动画']]",,30230181,,7.9,,2018,小绿和小蓝‎ (2018)
[['剧情']],,26710256,,7.0,,2018,那些年，我们正年轻‎ (2018)
[['喜剧']],,27143690,,5.5,,2018,伙头军客栈‎ (2018)
"[['动画', '冒险']]",,27157730,,7.0,,2018,四海鲸骑‎ (2018)
"[['剧情', '奇幻', '古装']]",,26756260,,4.5,,2018,武动乾坤‎ (2018)
[['爱情']],,27197312,,6.0,,2018,惹上冷殿下‎ (2018)
"[['剧情', '犯罪', '悬疑']]",,27198145,,6.0,,2018,法医秦明之幸存者‎ (2018)
"[['剧情', '古装']]",,27005229,,7.6,,2018,夜天子‎ (2018)
"[['剧情', '科幻', '悬疑']]",,27083735,,7.7,,2018,疯人院‎ (2018)
[['剧情']],,26855827,,4.7,,2018,合伙人‎ (2018)
"[['剧情', '喜剧', '爱情', '古装']]",,30279911,,6.5,,2018,朕的刺客女友‎ (2018)
"[['剧情', '爱情', '古装']]",,26761328,,8.2,,2018,天盛长歌‎ (2018)
"[['剧情', '爱情', '奇幻']]",,27089387,,7.2,,2018,媚者无疆‎ (2018)
[['剧情']],,27126973,,8.4,,2018,最美的青春‎ (2018)
"[['剧情', '爱情', '奇幻', '古装']]",,26920281,,7.7,,2018,香蜜沉沉烬如霜‎ (2018)
"[['剧情', '爱情']]",,27034586,,5.2,,2018,爱情进化论‎ (2018)
,,,,,27034587,,
,,,,,26785790,,
,,,,,26999852,,
,,,,,27148208,,
,,,,,27106905,,
,,,,,30238424,,
,,,,,27005982,,
,,,,,26420675,,
,,,,,27015848,,
,,,,,26956031,,
,,,,,26974779,,
,,,,,30272760,,
,,,,,27180959,,
,,,,,30259908,,
,,,,,26593756,,
,,,,,30263199,,
,,,,,26776530,,
,,,,,10439239,,
,,,,,30255190,,
,,,,,27068569,,
"[['喜剧', '爱情']]",,27034587,,2.7,,2018,甜蜜暴击‎ (2018)
[['爱情']],,27106905,,5.8,,2018,我和两个他‎ (2018)
"[['剧情', '动画', '奇幻']]",,27148208,,8.1,,2018,西行纪‎ (2018)
"[['剧情', '爱情', '古装']]",,26999852,,7.2,,2018,延禧攻略‎ (2018)
[['剧情']],,26785790,,6.5,,2018,沙海‎ (2018)
"[['剧情', '古装']]",,26776530,,6.4,,2018,热血书院‎ (2018)
[['剧情']],,30263199,,4.3,,2018,岁岁年年柿柿红‎ (2018)
"[['剧情', '喜剧', '奇幻']]",,26593756,,6.2,,2018,重返20岁‎ (2018)
"[['喜剧', '动画', '奇幻', '短片']]",,30259908,,9.0,,2018,请吃红小豆吧！‎ (2018)
"[['剧情', '动画', '古装']]",,27015848,,8.9,,2018,魔道祖师‎ (2018)
"[['奇幻', '武侠', '古装']]",,26420675,,5.6,,2018,古剑奇谭2‎ (2018)
"[['剧情', '动作', '犯罪', '悬疑', '惊悚']]",,27180959,,4.5,,2018,猎毒人‎ (2018)
"[['剧情', '爱情', '古装']]",,26956031,,6.1,,2018,天乩之白蛇传说‎ (2018)
"[['动画', '奇幻', '冒险']]",,30272760,,8.3,,2018,京剧猫之乘风破浪‎ (2018)
"[['喜剧', '爱情']]",,27005982,,7.2,,2018,最亲爱的你‎ (2018)
[['爱情']],,26974779,,3.2,,2018,流星花园‎ (2018)
"[['奇幻', '古装']]",,27068569,,3.2,,2018,素手遮天‎ (2018)
"[['喜剧', '动画']]",,30255190,,8.6,,2018,快把我哥带走 第二季‎ (2018)
"[['剧情', '悬疑']]",,10439239,,6.4,,2018,青春警事‎ (2018)
"[['喜剧', '动画']]",,30238424,,7.3,,2018,阴阳师·百鬼幼儿园‎ (2018)
,,,,,27119575,,
,,,,,27045331,,
,,,,,26816381,,
,,,,,27099214,,
,,,,,27088995,,
,,,,,26897025,,
,,,,,26640097,,
,,,,,26974046,,
,,,,,25923576,,
,,,,,26913955,,
,,,,,27073847,,
,,,,,27197296,,
,,,,,26864184,,
,,,,,27005238,,
,,,,,26892564,,
,,,,,27041379,,
,,,,,26864185,,
,,,,,26964430,,
,,,,,30227821,,
,,,,,27203019,,
"[['悬疑', '惊悚']]",,26816381,,7.5,,2018,S.C.I.谜案集‎ (2018)
"[['喜剧', '家庭']]",,27045331,,7.5,,2018,快把我哥带走‎ (2018)
[['家庭']],,27119575,,6.1,,2018,陪读妈妈‎ (2018)
[['爱情']],,27099214,,4.4,,2018,我们的青春期‎ (2018)
"[['爱情', '武侠', '古装']]",,26897025,,6.5,,2018,芸汐传‎ (2018)
"[['剧情', '奇幻']]",,26864185,,4.1,,2018,钟馗捉妖记‎ (2018)
"[['爱情', '奇幻']]",,27088995,,5.2,,2018,一千零一夜‎ (2018)
"[['喜剧', '爱情', '古装']]",,26892564,,7.0,,2018,萌妃驾到‎ (2018)
"[['喜剧', '爱情', '奇幻']]",,27197296,,7.2,,2018,亲爱的活祖宗‎ (2018)
[['剧情']],,27005238,,5.9,,2018,爱国者‎ (2018)
"[['喜剧', '爱情', '奇幻']]",,27073847,,7.3,,2018,来到你的世界‎ (2018)
"[['剧情', '爱情']]",,26864184,,6.6,,2018,脱身‎ (2018)
"[['剧情', '奇幻']]",,26964430,,6.3,,2018,同学两亿岁‎ (2018)
"[['动作', '悬疑']]",,27041379,,6.0,,2018,走火‎ (2018)
"[['剧情', '犯罪', '悬疑']]",,26913955,,5.6,,2018,法医秦明2清道夫‎ (2018)
"[['剧情', '历史']]",,25923576,,8.1,,2018,灵与肉‎ (2018)
"[['犯罪', '悬疑']]",,30227821,,5.6,,2018,法网追凶‎ (2018)
"[['喜剧', '爱情']]",,27203019,,6.6,,2018,想看你微笑‎ (2018)
"[['剧情', '爱情']]",,26974046,,7.2,,2018,为了你我愿意热爱整个世界‎ (2018)
"[['剧情', '爱情', '古装']]",,26640097,,4.7,,2018,扶摇‎ (2018)
,,,,,27119570,,
,,,,,26689427,,
,,,,,27034838,,
,,,,,27029233,,
,,,,,27083672,,
,,,,,30198448,,
,,,,,26894634,,
,,,,,27107131,,
,,,,,27185556,,
,,,,,26744053,,
,,,,,30200988,,
,,,,,26873807,,
,,,,,30210257,,
,,,,,30203343,,
,,,,,26311907,,
,,,,,30192056,,
,,,,,26616334,,
,,,,,30122631,,
,,,,,27624762,,
,,,,,27135558,,
[['剧情']],,27029233,,7.6,,2018,东方华尔街‎ (2018)
"[['科幻', '悬疑', '冒险']]",,30198448,,4.9,,2018,冒险王卫斯理之无名发‎ (2018)
"[['剧情', '爱情', '家庭']]",,27034838,,4.1,,2018,如果，爱‎ (2018)
"[['喜剧', '家庭']]",,26689427,,6.3,,2018,家有儿女初长成‎ (2018)
"[['剧情', '犯罪']]",,27119570,,5.8,,2018,骨语‎ (2018)
"[['剧情', '奇幻']]",,26616334,,3.2,,2018,莽荒纪‎ (2018)
"[['剧情', '运动']]",,27083672,,4.2,,2018,热血狂篮‎ (2018)
"[['剧情', '动画']]",,30122631,,7.3,,2018,全职高手 特别篇‎ (2018)
"[['剧情', '动作', '犯罪']]",,30203343,,7.4,,2018,远大前程·双龙会‎ (2018)
"[['动画', '武侠', '古装']]",,30192056,,6.6,,2018,帝王攻略‎ (2018)
"[['剧情', '爱情']]",,26311907,,4.8,,2018,温暖的弦‎ (2018)
"[['爱情', '悬疑', '短片']]",,30210257,,7.9,,2018,不过是分手 第一季‎ (2018)
[['爱情']],,26744053,,5.2,,2018,泡沫之夏‎ (2018)
[['古装']],,27135558,,5.2,,2018,哦！我的皇帝陛下‎ (2018)
"[['剧情', '喜剧', '动作', '动画']]",,27624762,,8.9,,2018,刺客伍六七‎ (2018)
"[['爱情', '奇幻']]",,27107131,,7.1,,2018,结爱·千岁大人的初恋‎ (2018)
,,,,,30198446,,
,,,,,27015980,,
,,,,,27168833,,
,,,,,27041389,,
,,,,,26953998,,
,,,,,26887181,,
"[['传记', '历史']]",,26894634,,5.0,,2018,楼外楼‎ (2018)
,,,,,26761299,,
,,,,,27020958,,
,,,,,30155194,,
,,,,,27176635,,
,,,,,30167108,,
,,,,,26959073,,
,,,,,26969029,,
,,,,,26787091,,
,,,,,27621204,,
,,,,,27115272,,
,,,,,26838067,,
,,,,,27620007,,
,,,,,27114843,,
,,,,,30214054,,
[['剧情']],,27185556,,6.7,,2018,上海女子图鉴‎ (2018)
"[['剧情', '爱情']]",,26873807,,7.3,,2018,爱情的边疆‎ (2018)
"[['剧情', '儿童', '动作', '历史', '古装']]",,26953998,,8.0,,2018,小戏骨：水浒传‎ (2018)
"[['剧情', '悬疑']]",,26887181,,4.4,,2018,真爱的谎言之破冰者‎ (2018)
[['剧情']],,27041389,,8.2,,2018,忽而今夏‎ (2018)
"[['喜剧', '动画', '奇幻']]",,27168833,,7.4,,2018,阴阳师·平安物语‎ (2018)
"[['喜剧', '爱情', '古装']]",,27015980,,6.3,,2018,萌妻食神‎ (2018)
"[['剧情', '动作', '犯罪', '悬疑']]",,26969029,,5.8,,2018,飞虎之潜行极战‎ (2018)
"[['剧情', '科幻', '悬疑', '冒险']]",,30198446,,4.4,,2018,冒险王卫斯理之蓝血人‎ (2018)
[['动画']],,26959073,,6.3,,2018,实验品家庭 実験品家族‎ (2018)
[['剧情']],,27176635,,6.2,,2018,北京女子图鉴‎ (2018)
"[['剧情', '喜剧', '动画']]",,27020958,,8.4,,2018,凸变英雄 LEAF‎ (2018)
"[['剧情', '爱情']]",,26761299,,5.1,,2018,下一站，别离‎ (2018)
"[['剧情', '爱情']]",,30200988,,8.2,,2018,假如没有遇见你‎ (2018)
"[['喜剧', '爱情']]",,30155194,,5.6,,2018,我才不会被女孩子欺负呢‎ (2018)
[['剧情']],,27115272,,7.1,,2018,金牌投资人‎ (2018)
[['动画']],,27621204,,7.5,,2018,我家大师兄脑子有坑‎ (2018)
[['爱情']],,27114843,,6.8,,2018,动物系恋人啊‎ (2018)
[['动画']],,27620007,,9.0,,2018,非人哉‎ (2018)
"[['剧情', '爱情']]",,26787091,,5.0,,2018,海上嫁女记‎ (2018)
[['剧情']],,26838067,,6.5,,2018,远大前程‎ (2018)
"[['剧情', '爱情', '家庭']]",,30214054,,2.9,,2018,初婚‎ (2018)
,,,,,26801742,,
,,,,,30167116,,
,,,,,26765222,,
,,,,,27079058,,
,,,,,27018233,,
,,,,,27013587,,
,,,,,27043642,,
,,,,,25823281,,
,,,,,26703476,,
,,,,,26979088,,
,,,,,26972555,,
,,,,,26984529,,
,,,,,26924105,,
,,,,,24732881,,
,,,,,27148204,,
,,,,,26856479,,
,,,,,30156276,,
,,,,,26951638,,
,,,,,26703950,,
,,,,,26615514,,
"[['喜剧', '奇幻']]",,27079058,,4.8,,2018,万能图书馆‎ (2018)
"[['剧情', '喜剧', '动画']]",,30167116,,9.3,,2018,茶啊二中 第四季‎ (2018)
"[['剧情', '古装']]",,26801742,,6.4,,2018,三国机密之潜龙在渊‎ (2018)
"[['剧情', '爱情']]",,26765222,,5.3,,2018,南方有乔木‎ (2018)
"[['剧情', '历史']]",,27043642,,7.9,,2018,面具‎ (2018)
"[['剧情', '爱情']]",,25823281,,6.3,,2018,人生若如初相见‎ (2018)
"[['爱情', '奇幻', '古装']]",,26703476,,5.9,,2018,烈火如歌‎ (2018)
"[['剧情', '动作', '动画', '奇幻', '冒险']]",,27013587,,7.1,,2018,斗破苍穹 第二季‎ (2018)
"[['剧情', '科幻', '悬疑', '冒险']]",,30167108,,4.0,,2018,冒险王卫斯理之支离人‎ (2018)
"[['剧情', '爱情']]",,27018233,,6.0,,2018,老男孩‎ (2018)
"[['武侠', '古装']]",,26951638,,6.3,,2018,飘香剑雨‎ (2018)
"[['剧情', '动作', '战争', '动画']]",,30156276,,8.7,,2018,雄兵连之乾坤篇‎ (2018)
"[['喜剧', '动作', '爱情']]",,26856479,,6.5,,2018,盛势‎ (2018)
"[['喜剧', '爱情']]",,27148204,,5.1,,2018,内衣先生‎ (2018)
"[['剧情', '爱情', '古装']]",,26703950,,4.2,,2018,柜中美人‎ (2018)
"[['爱情', '古装']]",,24732881,,6.2,,2018,独孤天下‎ (2018)
"[['剧情', '武侠', '古装']]",,26924105,,2.6,,2018,新笑傲江湖‎ (2018)
"[['喜剧', '爱情']]",,26984529,,7.4,,2018,单恋大作战‎ (2018)
"[['剧情', '爱情']]",,26615514,,4.5,,2018,一路繁花相送‎ (2018)
"[['剧情', '犯罪']]",,26979088,,3.3,,2018,利刃出击‎ (2018)
"[['剧情', '爱情']]",,26972555,,5.0,,2018,美好生活‎ (2018)
,,,,,27095911,,
,,,,,27125544,,
,,,,,26727942,,
,,,,,30140225,,
,,,,,26630706,,
,,,,,26901397,,
,,,,,26951952,,
,,,,,27607410,,
,,,,,26828285,,
,,,,,26979216,,
,,,,,27063398,,
,,,,,27040807,,
,,,,,27205193,,
,,,,,26388618,,
,,,,,26359236,,
,,,,,26827972,,
,,,,,27663966,,
,,,,,26860788,,
,,,,,26980000,,
,,,,,26844133,,
"[['奇幻', '武侠', '古装']]",,26901397,,5.4,,2018,蜀山战纪2踏火行歌‎ (2018)
"[['剧情', '爱情']]",,26727942,,3.5,,2018,谈判官‎ (2018)
"[['剧情', '爱情']]",,27095911,,5.8,,2018,二分之一美少年‎ (2018)
"[['剧情', '喜剧']]",,27125544,,6.9,,2018,乡村爱情协奏曲‎ (2018)
"[['剧情', '爱情']]",,26630706,,3.6,,2018,初遇在光年之外‎ (2018)
"[['剧情', '动画', '奇幻']]",,27040807,,7.2,,2018,斗罗大陆‎ (2018)
"[['爱情', '奇幻']]",,27205193,,6.2,,2018,幸福，近在咫尺‎ (2018)
"[['剧情', '悬疑']]",,26828285,,7.9,,2018,和平饭店‎ (2018)
"[['剧情', '儿童', '奇幻']]",,26951952,,6.2,,2018,小戏骨：八仙过海‎ (2018)
"[['剧情', '爱情']]",,27063398,,3.8,,2018,我站在桥上看风景‎ (2018)
"[['剧情', '爱情']]",,26844133,,5.2,,2018,小楼又东风‎ (2018)
"[['剧情', '动作', '动画', '古装']]",,27607410,,6.6,,2018,画江湖之侠岚‎ (2018)
"[['喜剧', '悬疑']]",,26979216,,7.3,,2018,继承者计划‎ (2018)
"[['动作', '动画', '悬疑']]",,30140225,,8.5,,2018,迷域行者‎ (2018)
[['剧情']],,26980000,,6.1,,2018,换了人间‎ (2018)
,,,,,27124505,,
,,,,,27135572,,
,,,,,26984555,,
,,,,,26894637,,
,,,,,26900424,,
,,,,,26617054,,
,,,,,26665065,,
,,,,,27068975,,
,,,,,25752323,,
,,,,,26743570,,
,,,,,27149729,,
,,,,,26584874,,
,,,,,27119496,,
,,,,,26919019,,
,,,,,27601018,,
,,,,,27087788,,
,,,,,26956042,,
,,,,,27194636,,
"[['剧情', '犯罪']]",,26860788,,7.5,,2018,莫斯科行动‎ (2018)
"[['剧情', '爱情']]",,26827972,,5.7,,2018,恋爱先生‎ (2018)
"[['剧情', '爱情', '古装']]",,26359236,,3.5,,2018,凤囚凰‎ (2018)
,,,,,27006122,,
,,,,,26694156,,
"[['喜剧', '爱情']]",,27663966,,3.4,,2018,龙日一，你死定了 第二季‎ (2018)
[['古装']],,26388618,,2.3,,2018,寻秦记‎ (2018)
"[['动作', '爱情', '战争']]",,26894637,,3.8,,2017,勇者胜‎ (2017)
"[['剧情', '古装']]",,26665065,,8.5,,2017,琅琊榜之风起长林‎ (2017)
"[['剧情', '动作', '奇幻']]",,26900424,,6.7,,2017,器灵 第二季‎ (2017)
"[['剧情', '动画', '奇幻', '武侠']]",,27135572,,7.6,,2017,武庚纪 第二季‎ (2017)
"[['剧情', '爱情', '家庭']]",,27124505,,7.1,,2018,我的青春遇见你‎ (2018)
"[['剧情', '科幻', '古装']]",,26617054,,6.4,,2017,不负如来不负卿‎ (2017)
"[['爱情', '奇幻', '古装']]",,26984555,,6.5,,2017,艳骨‎ (2017)
[['喜剧']],,27119496,,5.6,,2017,生活大爆炒‎ (2017)
[['剧情']],,26584874,,5.4,,2017,柒个我‎ (2017)
"[['动画', '武侠']]",,27149729,,7.9,,2017,墓王之王悬棺寺‎ (2017)
[['古装']],,27068975,,3.3,,2017,花落宫廷错流年‎ (2017)
[['剧情']],,26743570,,7.1,,2017,红蔷薇‎ (2017)
"[['科幻', '悬疑']]",,27006122,,7.6,,2017,端脑‎ (2017)
"[['剧情', '家庭']]",,27194636,,3.3,,2017,回家的路有多远‎ (2017)
"[['喜剧', '爱情']]",,26956042,,3.0,,2017,龙日一，你死定了‎ (2017)
"[['剧情', '喜剧']]",,26919019,,6.2,,2017,亲爱的她们‎ (2017)
[[]],,27601018,,7.2,,2017,宅人食堂 第三季‎ (2017)
"[['剧情', '古装']]",,26694156,,4.6,,2017,国士无双黄飞鸿‎ (2017)
"[['剧情', '悬疑']]",,25752323,,8.7,,2017,风筝‎ (2017)
"[['剧情', '战争', '古装']]",,27087788,,8.4,,2017,虎啸龙吟‎ (2017)
,,,,,27075285,,
,,,,,26923018,,
,,,,,26979979,,
,,,,,27594245,,
,,,,,26839513,,
,,,,,26830891,,
,,,,,26700516,,
,,,,,26839485,,
,,,,,26724134,,
,,,,,26322999,,
,,,,,27079317,,
,,,,,26918876,,
,,,,,26926323,,
,,,,,27026077,,
,,,,,26776469,,
,,,,,27008416,,
,,,,,27038993,,
,,,,,27003249,,
,,,,,26581830,,
,,,,,26322642,,
"[['剧情', '爱情', '古装']]",,26923018,,3.5,,2017,花谢花飞花满天‎ (2017)
[['剧情']],,26839513,,6.1,,2017,溏心风暴3‎ (2017)
[['动画']],,27594245,,7.0,,2017,熊出没之探险日记‎ (2017)
"[['剧情', '爱情']]",,26918876,,5.2,,2017,特化师‎ (2017)
"[['剧情', '爱情']]",,26979979,,8.8,,2017,一起同过窗 第二季‎ (2017)
"[['剧情', '爱情']]",,26830891,,2.5,,2017,极光之恋‎ (2017)
"[['剧情', '古装']]",,27075285,,6.2,,2017,天下粮田‎ (2017)
[['剧情']],,26926323,,5.5,,2017,儿科医生‎ (2017)
"[['剧情', '家庭']]",,26724134,,6.1,,2017,生逢灿烂的日子‎ (2017)
"[['剧情', '爱情', '奇幻']]",,27079317,,4.9,,2017,无法拥抱的你‎ (2017)
"[['剧情', '奇幻', '古装']]",,26322999,,6.8,,2017,九州·海上牧云记‎ (2017)
"[['喜剧', '奇幻', '古装']]",,27003249,,7.2,,2017,拜见宫主大人‎ (2017)
"[['剧情', '喜剧', '爱情']]",,26839485,,5.8,,2017,我不是精英‎ (2017)
"[['剧情', '爱情']]",,26581830,,8.6,,2017,你好，旧时光‎ (2017)
"[['剧情', '爱情']]",,26700516,,5.2,,2017,最好的安排‎ (2017)
"[['剧情', '爱情', '动画']]",,27038993,,8.1,,2017,我是江小白 第一季‎ (2017)
[['剧情']],,26322642,,5.4,,2017,猎场‎ (2017)
"[['剧情', '爱情']]",,27008416,,7.2,,2017,致我们单纯的小美好‎ (2017)
[['爱情']],,27026077,,7.2,,2017,可惜不是你‎ (2017)
"[['剧情', '爱情']]",,26776469,,6.9,,2017,我的！体育老师‎ (2017)
,,,,,26975750,,
,,,,,26425605,,
,,,,,26868392,,
,,,,,26892640,,
,,,,,27037000,,
,,,,,27034748,,
,,,,,26808247,,
,,,,,26827680,,
,,,,,26235196,,
,,,,,27186571,,
,,,,,27187152,,
,,,,,27168733,,
,,,,,26933050,,
,,,,,27158036,,
,,,,,26425608,,
,,,,,26861630,,
,,,,,27061600,,
,,,,,26732417,,
,,,,,27002002,,
,,,,,26857611,,
"[['犯罪', '悬疑']]",,26975750,,5.2,,2017,推理笔记‎ (2017)
"[['喜剧', '动作', '动画', '奇幻']]",,27034748,,9.2,,2017,一人之下 第二季‎ (2017)
"[['爱情', '古装']]",,26892640,,4.0,,2017,独步天下‎ (2017)
"[['剧情', '爱情', '古装']]",,26808247,,5.3,,2017,将军在上‎ (2017)
[['剧情']],,26868392,,6.1,,2017,急诊科医生‎ (2017)
[['剧情']],,26425605,,4.2,,2017,路从今夜白之遇见青春‎ (2017)
"[['喜剧', '悬疑', '古装']]",,27037000,,6.5,,2017,开封奇谈‎ (2017)
[['剧情']],,27158036,,5.5,,2017,小五当官‎ (2017)
"[['剧情', '动作']]",,26933050,,3.4,,2017,维和步兵营‎ (2017)
"[['剧情', '家庭']]",,26827680,,4.9,,2017,幸福有配方‎ (2017)
"[['剧情', '爱情', '古装']]",,26857611,,3.5,,2017,那片星空那片海 贰‎ (2017)
[['剧情']],,27002002,,8.0,,2017,啊，父老乡亲‎ (2017)
"[['爱情', '古装']]",,27168733,,6.9,,2017,醉玲珑番外之玲珑醉梦‎ (2017)
"[['战争', '动画']]",,27187152,,8.5,,2017,三国演义‎ (2017)
"[['爱情', '家庭']]",,27186571,,4.6,,2017,娘亲舅大‎ (2017)
"[['剧情', '家庭']]",,26235196,,6.3,,2017,熊爸熊孩子‎ (2017)
"[['科幻', '奇幻']]",,26732417,,4.3,,2017,天泪传奇之凤凰无双‎ (2017)
"[['科幻', '动画', '冒险']]",,27061600,,7.0,,2017,凹凸世界 第二季‎ (2017)
"[['剧情', '喜剧', '爱情']]",,26861630,,4.1,,2017,国民大生活‎ (2017)
,,,,,26951951,,
,,,,,27160637,,
,,,,,27619854,,
,,,,,26743549,,
,,,,,27157721,,
,,,,,26961209,,
,,,,,27187158,,
,,,,,27064930,,
,,,,,26661003,,
,,,,,26963224,,
,,,,,27026492,,
,,,,,26805211,,
,,,,,26795042,,
,,,,,26984572,,
,,,,,26930540,,
,,,,,26883064,,
,,,,,26801052,,
,,,,,27079358,,
,,,,,26969092,,
[['剧情']],,26425608,,3.5,,2017,传奇大亨‎ (2017)
,,,,,26883910,,
"[['剧情', '儿童', '古装']]",,26951951,,9.1,,2017,小戏骨：红楼梦之刘姥姥进大观园‎ (2017)
"[['喜剧', '爱情', '古装']]",,26743549,,3.5,,2017,大话西游之爱你一万年‎ (2017)
"[['剧情', '悬疑']]",,27619854,,8.0,,2017,第二人生‎ (2017)
"[['剧情', '犯罪']]",,26961209,,6.8,,2017,反黑‎ (2017)
"[['动画', '奇幻', '冒险']]",,27160637,,8.5,,2017,斗破苍穹动画特别篇‎ (2017)
"[['剧情', '动画', '武侠']]",,27157721,,8.2,,2017,少年锦衣卫 第二季‎ (2017)
"[['剧情', '爱情', '犯罪']]",,26661003,,6.9,,2017,使徒行者2‎ (2017)
"[['剧情', '爱情']]",,26795042,,6.5,,2017,平凡岁月‎ (2017)
"[['动画', '奇幻']]",,27187158,,8.6,,2017,雄兵连之雄芯篇‎ (2017)
"[['剧情', '动作', '犯罪', '动画', '悬疑', '奇幻', '惊悚']]",,27064930,,7.6,,2017,地灵曲‎ (2017)
"[['剧情', '动作', '动画', '奇幻']]",,27026492,,6.7,,2017,画江湖之换世门生‎ (2017)
"[['剧情', '爱情']]",,26805211,,3.3,,2017,美味奇缘‎ (2017)
[['剧情']],,26963224,,3.3,,2017,我的小姨‎ (2017)
"[['剧情', '爱情', '奇幻']]",,26969092,,6.1,,2017,亲爱的王子大人‎ (2017)
"[['剧情', '古装']]",,26801052,,7.2,,2017,那年花开月正圆‎ (2017)
"[['喜剧', '爱情', '古装']]",,27079358,,5.6,,2017,大王不容易‎ (2017)
"[['爱情', '运动']]",,26883910,,4.8,,2017,进击吧，闪电‎ (2017)
"[['剧情', '犯罪', '悬疑']]",,26883064,,9.0,,2017,白夜追凶‎ (2017)
"[['犯罪', '悬疑']]",,26930540,,8.2,,2017,无证之罪‎ (2017)
"[['喜剧', '爱情', '奇幻']]",,26984572,,6.7,,2017,班长大人‎ (2017)
,,,,,25926750,,
,,,,,27115275,,
,,,,,26894585,,
,,,,,26842672,,
,,,,,26801053,,
,,,,,26608206,,
,,,,,26924742,,
,,,,,26369809,,
,,,,,26844134,,
,,,,,26648963,,
,,,,,26608227,,
,,,,,26895367,,
,,,,,27103771,,
,,,,,27073841,,
,,,,,27013044,,
,,,,,26882293,,
,,,,,11510529,,
,,,,,26638521,,
,,,,,26754618,,
,,,,,26879740,,
"[['剧情', '古装']]",,25926750,,5.0,,2017,通天狄仁杰‎ (2017)
"[['动作', '动画', '冒险']]",,27115275,,7.0,,2017,血色苍穹‎ (2017)
"[['剧情', '爱情', '古装']]",,26924742,,4.5,,2017,秦时丽人明月心‎ (2017)
"[['悬疑', '奇幻']]",,26608206,,6.2,,2017,无心法师2‎ (2017)
"[['剧情', '爱情']]",,26844134,,4.9,,2017,暖爱‎ (2017)
"[['剧情', '悬疑']]",,26369809,,4.4,,2017,守卫者·浮出水面‎ (2017)
"[['剧情', '爱情', '悬疑']]",,26894585,,5.1,,2017,青春最好时‎ (2017)
"[['剧情', '喜剧', '爱情']]",,26801053,,4.5,,2017,盲约‎ (2017)
"[['剧情', '爱情']]",,26842672,,4.4,,2017,人间至味是清欢‎ (2017)
"[['动作', '奇幻']]",,26882293,,6.0,,2017,镇魂街‎ (2017)
"[['喜剧', '爱情', '奇幻']]",,27103771,,7.3,,2017,我女朋友的男朋友2‎ (2017)
"[['喜剧', '科幻', '古装']]",,26895367,,7.4,,2017,颤抖吧，阿部！‎ (2017)
"[['爱情', '动画', '奇幻']]",,27073841,,7.3,,2017,妖怪名单 第二季‎ (2017)
[['动画']],,27013044,,6.5,,2017,拳皇命运‎ (2017)
"[['剧情', '奇幻', '古装']]",,26608227,,4.1,,2017,轩辕剑之汉之云‎ (2017)
"[['剧情', '爱情', '家庭']]",,26648963,,3.5,,2017,我们的爱‎ (2017)
[['剧情']],,26879740,,5.2,,2017,深海利剑‎ (2017)
"[['剧情', '战争']]",,26638521,,4.1,,2017,爱人·同志‎ (2017)
"[['剧情', '动画']]",,11510529,,7.2,,2017,纳米核心 第三季‎ (2017)
,,,,,27002013,,
,,,,,26859982,,
,,,,,26861629,,
,,,,,26776350,,
,,,,,26688489,,
,,,,,27195081,,
,,,,,26691325,,
,,,,,26675795,,
,,,,,27083740,,
,,,,,27080949,,
,,,,,26662489,,
,,,,,27113671,,
,,,,,25864160,,
,,,,,26358696,,
,,,,,26711098,,
,,,,,27068918,,
,,,,,26637887,,
,,,,,27168160,,
,,,,,27079414,,
,,,,,26605881,,
"[['剧情', '爱情']]",,26754618,,5.4,,2017,浪花一朵朵‎ (2017)
"[['剧情', '悬疑', '古装']]",,26688489,,6.6,,2017,开封府‎ (2017)
"[['剧情', '悬疑']]",,26859982,,5.2,,2017,鬼吹灯之黄皮子坟‎ (2017)
[['剧情']],,27002013,,8.2,,2017,绝密543‎ (2017)
"[['喜剧', '动画']]",,27195081,,7.6,,2017,无聊诗社 第一季‎ (2017)
"[['剧情', '悬疑']]",,26776350,,8.2,,2017,河神‎ (2017)
[['剧情']],,26691325,,4.3,,2017,反恐特战队之猎影‎ (2017)
"[['动作', '悬疑', '奇幻', '惊悚', '冒险']]",,26711098,,2.9,,2017,鬼吹灯之牧野诡事‎ (2017)
"[['剧情', '爱情', '战争', '古装']]",,26605881,,8.1,,2017,大军师司马懿之军师联盟‎ (2017)
[[]],,27168160,,9.1,,2017,Gon的旱獭 第一季‎ (2017)
"[['历史', '动画']]",,27079414,,6.1,,2017,那年那兔那些事儿 第四季‎ (2017)
"[['剧情', '喜剧', '歌舞']]",,27068918,,7.8,,2017,少年有点酷‎ (2017)
"[['喜剧', '爱情']]",,26637887,,4.4,,2017,复合大师‎ (2017)
"[['剧情', '爱情']]",,26861629,,6.2,,2017,春风十里，不如你‎ (2017)
,,,,,27002023,,
,,,,,26772013,,
,,,,,26882225,,
,,,,,26915590,,
,,,,,26928826,,
,,,,,26411410,,
,,,,,26608231,,
,,,,,26734684,,
,,,,,26752098,,
,,,,,26807650,,
,,,,,26684705,,
,,,,,26363186,,
,,,,,27072726,,
,,,,,27059215,,
,,,,,27072709,,
,,,,,26934342,,
,,,,,26597756,,
,,,,,26873744,,
"[['剧情', '家庭']]",,27113671,,3.7,,2017,养母的花样年华‎ (2017)
"[['剧情', '家庭']]",,26358696,,6.3,,2017,我的前半生‎ (2017)
"[['剧情', '武侠']]",,25864160,,3.9,,2017,侠客行‎ (2017)
,,,,,6888715,,
,,,,,27041453,,
"[['爱情', '古装']]",,27080949,,6.2,,2017,双世宠妃‎ (2017)
[['动画']],,27083740,,8.4,,2017,禽兽超人之迷雾围城‎ (2017)
"[['剧情', '爱情', '古装']]",,26675795,,5.6,,2017,醉玲珑‎ (2017)
"[['剧情', '运动']]",,26662489,,5.1,,2017,我们的少年时代‎ (2017)
"[['剧情', '喜剧', '悬疑']]",,26772013,,8.2,,2017,杀不死‎ (2017)
"[['剧情', '喜剧', '悬疑']]",,26928826,,6.7,,2017,寻人大师‎ (2017)
"[['剧情', '古装']]",,26915590,,5.9,,2017,刺客列传之龙血玄黄‎ (2017)
[['剧情']],,26684705,,6.2,,2017,林海雪原‎ (2017)
"[['剧情', '爱情']]",,26752098,,4.1,,2017,一粒红尘‎ (2017)
[['剧情']],,27002023,,5.0,,2017,我的1997‎ (2017)
"[['剧情', '爱情']]",,26882225,,4.0,,2017,风光大嫁‎ (2017)
"[['剧情', '爱情']]",,26807650,,4.1,,2017,逆袭之星途璀璨‎ (2017)
[['剧情']],,26411410,,2.8,,2017,深夜食堂‎ (2017)
"[['喜剧', '爱情', '奇幻']]",,26873744,,7.1,,2017,我女朋友的男朋友‎ (2017)
"[['剧情', '爱情']]",,26734684,,4.4,,2017,夏至未至‎ (2017)
"[['剧情', '喜剧', '科幻', '动画']]",,27059215,,8.3,,2017,雄兵连‎ (2017)
"[['剧情', '犯罪', '悬疑']]",,26934342,,6.3,,2017,暗徒‎ (2017)
"[['剧情', '爱情', '奇幻', '古装']]",,26608231,,3.1,,2017,上古情歌‎ (2017)
"[['动画', '武侠']]",,27072709,,8.1,,2017,墓王之王：寒铁斗‎ (2017)
"[['剧情', '爱情']]",,6888715,,7.1,,2017,天使的幸福‎ (2017)
,,,,,26949276,,
,,,,,26743573,,
,,,,,26108041,,
,,,,,27006163,,
,,,,,26939218,,
,,,,,27085680,,
,,,,,27062838,,
,,,,,26755568,,
,,,,,26635351,,
,,,,,26356069,,
,,,,,27006109,,
,,,,,26857689,,
,,,,,26966807,,
,,,,,26606744,,
,,,,,27028810,,
,,,,,26830378,,
,,,,,27027814,,
,,,,,27030637,,
,,,,,26895366,,
"[['喜剧', '动画', '悬疑', '古装']]",,27041453,,7.6,,2017,开封奇谈——这个包公不太行‎ (2017)
"[['剧情', '爱情', '家庭']]",,26597756,,5.5,,2017,小情人‎ (2017)
[[]],,27072726,,7.8,,2017,我是艺考生‎ (2017)
,,,,,26298041,,
"[['剧情', '爱情', '古装']]",,26363186,,5.0,,2017,楚乔传‎ (2017)
"[['剧情', '爱情', '悬疑']]",,26939218,,6.5,,2017,寒武纪‎ (2017)
"[['剧情', '爱情']]",,26743573,,5.3,,2017,欢乐颂2‎ (2017)
"[['动作', '动画']]",,27085680,,7.0,,2017,妖神记 第一季‎ (2017)
"[['剧情', '爱情']]",,26108041,,5.5,,2017,职场是个技术活‎ (2017)
[['喜剧']],,26949276,,4.4,,2017,废柴兄弟5：泰爽‎ (2017)
"[['战争', '动画', '奇幻']]",,27006163,,6.8,,2017,降灵记‎ (2017)
"[['爱情', '古装']]",,26606744,,3.2,,2017,思美人‎ (2017)
"[['剧情', '动画', '奇幻', '冒险']]",,26966807,,8.4,,2017,幻镜诺德琳‎ (2017)
"[['剧情', '战争']]",,26857689,,3.2,,2017,飞哥大英雄2之飞哥战队‎ (2017)
"[['爱情', '古装']]",,27006109,,5.8,,2017,假凤虚凰 第一季‎ (2017)
"[['剧情', '家庭']]",,26635351,,3.5,,2017,女管家‎ (2017)
"[['剧情', '爱情']]",,26356069,,2.6,,2017,魔都风云‎ (2017)
"[['剧情', '爱情', '古装']]",,26755568,,4.8,,2017,龙珠传奇之无间道‎ (2017)
"[['剧情', '犯罪', '悬疑']]",,26895366,,5.5,,2017,心理师‎ (2017)
[[]],,27062838,,2.8,,2017,梅花儿香‎ (2017)
"[['剧情', '动画', '奇幻', '武侠', '古装']]",,27030637,,8.1,,2017,太乙仙魔录之灵飞纪 第二季‎ (2017)
"[['剧情', '爱情']]",,26298041,,4.9,,2017,御姐归来‎ (2017)
[['动画']],,27027814,,4.3,,2017,天谕‎ (2017)
[['动画']],,26830378,,5.9,,2017,熊熊乐园 第一部 熊出没之熊熊乐园‎ (2017)
,,,,,26868416,,
,,,,,26799432,,
,,,,,26683725,,
,,,,,26614082,,
,,,,,26638502,,
,,,,,26322644,,
,,,,,26696085,,
,,,,,26890345,,
,,,,,27018246,,
,,,,,26658517,,
,,,,,26859991,,
,,,,,26811778,,
,,,,,27006086,,
,,,,,26682195,,
,,,,,27011773,,
,,,,,26974042,,
,,,,,26883372,,
,,,,,26727273,,
"[['动作', '动画', '冒险']]",,27028810,,5.3,,2017,阿拉德：宿命之门‎ (2017)
,,,,,26990819,,
,,,,,26878430,,
"[['喜剧', '爱情', '古装']]",,26868416,,7.9,,2017,花间提壶方大厨‎ (2017)
"[['剧情', '爱情']]",,26683725,,7.4,,2017,外科风云‎ (2017)
"[['剧情', '历史']]",,26322644,,8.8,,2017,白鹿原‎ (2017)
"[['剧情', '动作', '犯罪']]",,26638502,,6.1,,2017,卧底归来‎ (2017)
"[['喜剧', '爱情']]",,26799432,,7.0,,2017,囧女翻身之嗨如花‎ (2017)
"[['剧情', '奇幻', '古装']]",,26614082,,4.1,,2017,择天记‎ (2017)
"[['剧情', '犯罪', '悬疑']]",,26727273,,8.2,,2017,人民的名义‎ (2017)
"[['剧情', '动作', '犯罪']]",,26883372,,6.2,,2017,卧底‎ (2017)
"[['剧情', '动画', '古装']]",,27011773,,8.5,,2017,风灵玉秀‎ (2017)
"[['剧情', '爱情']]",,26811778,,6.7,,2017,狐狸的夏天‎ (2017)
"[['剧情', '动画']]",,26859991,,8.2,,2017,全职高手 第一季‎ (2017)
[['喜剧']],,26974042,,6.8,,2017,林子大了‎ (2017)
"[['剧情', '爱情']]",,26682195,,6.5,,2017,漂洋过海来看你‎ (2017)
"[['剧情', '爱情']]",,26658517,,5.6,,2017,秘果‎ (2017)
"[['剧情', '爱情', '古装']]",,27006086,,6.4,,2017,大唐荣耀2‎ (2017)
[['剧情']],,27018246,,7.6,,2017,北方大地‎ (2017)
,,,,,6878443,,
,,,,,26708488,,
,,,,,26992119,,
,,,,,26835004,,
,,,,,27003246,,
,,,,,26746951,,
,,,,,26712244,,
,,,,,26772026,,
,,,,,26989874,,
,,,,,26992031,,
,,,,,26811731,,
,,,,,26685864,,
,,,,,26637890,,
,,,,,26982797,,
,,,,,26344892,,
,,,,,26351248,,
,,,,,26668669,,
,,,,,26978997,,
,,,,,26776531,,
,,,,,26864181,,
"[['剧情', '爱情']]",,26696085,,4.7,,2017,继承人‎ (2017)
[['喜剧']],,26878430,,6.4,,2017,鲜肉老师‎ (2017)
"[['喜剧', '动画']]",,26990819,,7.9,,2017,快把我哥带走 第一季 兄に付ける薬はない！‎ (2017)
"[['剧情', '悬疑']]",,26890345,,5.7,,2017,被催眠的催眠师‎ (2017)
"[['剧情', '战争']]",,26746951,,6.5,,2017,剃刀边缘‎ (2017)
"[['剧情', '爱情']]",,26708488,,5.7,,2017,问题餐厅‎ (2017)
"[['喜剧', '爱情', '奇幻']]",,26835004,,5.5,,2017,神兽麻将馆‎ (2017)
"[['儿童', '动画', '家庭']]",,27003246,,8.5,,2017,和女儿的日常 第二季‎ (2017)
"[['剧情', '犯罪', '悬疑']]",,26992119,,6.3,,2017,无间道 第三季‎ (2017)
"[['剧情', '悬疑', '古装']]",,6878443,,6.0,,2017,神探狄仁杰4‎ (2017)
[['剧情']],,26712244,,6.5,,2017,愿有人陪你颠沛流离‎ (2017)
"[['剧情', '爱情']]",,26344892,,5.7,,2017,云巅之上‎ (2017)
"[['剧情', '犯罪', '悬疑']]",,26982797,,6.9,,2017,无间道 第二季‎ (2017)
"[['剧情', '爱情']]",,26637890,,4.8,,2017,因为遇见你‎ (2017)
[['剧情']],,26685864,,8.1,,2017,鸡毛飞上天‎ (2017)
"[['爱情', '奇幻']]",,26864181,,4.8,,2017,我与你的光年距离‎ (2017)
[['剧情']],,26992031,,6.2,,2017,热血尖兵‎ (2017)
"[['喜剧', '爱情']]",,26772026,,2.2,,2017,不一样的美男子2‎ (2017)
"[['剧情', '喜剧', '运动']]",,26811731,,8.0,,2017,梦想X计划‎ (2017)
"[['悬疑', '古装']]",,26776531,,6.4,,2017,热血长安‎ (2017)
[['爱情']],,26989874,,6.9,,2017,谁寄锦书来‎ (2017)
,,,,,26975477,,
,,,,,5923466,,
,,,,,26896964,,
,,,,,26606733,,
,,,,,26967907,,
,,,,,24772954,,
,,,,,26605866,,
,,,,,26898906,,
,,,,,25975243,,
,,,,,24827545,,
,,,,,26939227,,
,,,,,26274137,,
,,,,,26582363,,
,,,,,26394155,,
,,,,,26954013,,
,,,,,26663086,,
,,,,,26857977,,
,,,,,26894560,,
,,,,,26884429,,
,,,,,26949960,,
"[['剧情', '奇幻']]",,26978997,,5.2,,2017,寻找前世之旅2‎ (2017)
"[['喜剧', '爱情']]",,26668669,,4.6,,2017,约会恋爱究竟是什么‎ (2017)
"[['剧情', '爱情']]",,26351248,,3.7,,2017,金陵往事‎ (2017)
"[['动画', '武侠']]",,26896964,,8.2,,2017,少年锦衣卫 第一季‎ (2017)
"[['剧情', '动作', '战争', '西部']]",,26606733,,3.3,,2017,擒狼‎ (2017)
"[['剧情', '历史']]",,5923466,,8.5,,2017,大秦帝国之崛起‎ (2017)
"[['剧情', '爱情', '短片']]",,26975477,,6.2,,2017,你的味道‎ (2017)
[['喜剧']],,26949960,,5.1,,2017,双喜盈门‎ (2017)
[['剧情']],,24772954,,7.7,,2017,星光灿烂‎ (2017)
"[['剧情', '家庭']]",,26605866,,7.0,,2017,一树桃花开‎ (2017)
"[['动作', '动画', '奇幻', '冒险']]",,26884429,,5.6,,2017,斗破苍穹 第一季‎ (2017)
[['喜剧']],,26967907,,6.5,,2017,拜托！别黑我！‎ (2017)
[['爱情']],,26857977,,5.0,,2017,恶魔少爷别吻我 第一季‎ (2017)
"[['剧情', '爱情']]",,26394155,,2.9,,2017,大话红娘‎ (2017)
"[['剧情', '武侠', '古装']]",,26663086,,7.9,,2017,射雕英雄传‎ (2017)
"[['剧情', '喜剧', '爱情', '奇幻']]",,26954013,,6.8,,2017,别那么骄傲2‎ (2017)
"[['动画', '武侠']]",,26894560,,6.1,,2017,从前有座灵剑山2 霊剣山 叡智への資格‎ (2017)
"[['剧情', '家庭']]",,26274137,,4.4,,2017,将婚姻进行到底‎ (2017)
[['剧情']],,26582363,,5.5,,2017,昆仑阙之前世今生‎ (2017)
"[['爱情', '奇幻']]",,26939227,,3.6,,2017,校花前传之很纯很暧昧‎ (2017)
"[['剧情', '爱情', '古装']]",,24827545,,6.9,,2017,大唐荣耀‎ (2017)
"[['剧情', '爱情']]",,25975243,,6.4,,2017,三生三世十里桃花‎ (2017)
"[['剧情', '喜剧']]",,26898906,,7.4,,2017,乡村爱情进行曲‎ (2017)
,,,,,25804529,,
,,,,,26745143,,
,,,,,26615611,,
,,,,,26974599,,
,,,,,26752700,,
,,,,,26608228,,
,,,,,25945117,,
,,,,,26613382,,
,,,,,25960721,,
,,,,,26899028,,
,,,,,26949213,,
,,,,,26892958,,
,,,,,26298935,,
,,,,,26592988,,
,,,,,26661078,,
,,,,,26776529,,
,,,,,26594404,,
,,,,,26757049,,
,,,,,26304927,,
,,,,,26811779,,
"[['剧情', '古装']]",,26608228,,3.1,,2017,孤芳不自赏‎ (2017)
[['剧情']],,26974599,,3.7,,2017,咱家‎ (2017)
"[['剧情', '奇幻', '古装']]",,26615611,,4.2,,2017,奇星记之鲜衣怒马少年时‎ (2017)
[['剧情']],,26745143,,6.8,,2017,于成龙‎ (2017)
"[['剧情', '爱情']]",,25804529,,3.7,,2017,遇见爱情的利先生‎ (2017)
"[['剧情', '爱情']]",,25945117,,4.8,,2017,不得不爱‎ (2017)
"[['喜剧', '爱情']]",,26752700,,3.0,,2017,漂亮的李慧珍‎ (2017)
[['剧情']],,26661078,,5.0,,2016,明星志愿‎ (2016)
"[['剧情', '喜剧']]",,26592988,,3.1,,2016,我的继父是偶像‎ (2016)
"[['剧情', '悬疑', '惊悚']]",,26298935,,8.0,,2016,鬼吹灯之精绝古城‎ (2016)
[['喜剧']],,26949213,,6.1,,2016,老爸当家‎ (2016)
"[['剧情', '爱情']]",,25960721,,4.6,,2017,守护丽人‎ (2017)
[['剧情']],,26613382,,5.9,,2017,最后一张签证‎ (2017)
[['喜剧']],,26892958,,5.5,,2016,异能家庭‎ (2016)
[['动作']],,26899028,,3.9,,2016,半妖倾城2‎ (2016)
"[['喜剧', '家庭']]",,26304927,,5.9,,2016,我的岳父会武术‎ (2016)
"[['奇幻', '武侠', '古装']]",,26811779,,4.4,,2016,青云志2‎ (2016)
"[['剧情', '爱情']]",,26757049,,6.1,,2016,北上广依然相信爱情‎ (2016)
"[['剧情', '爱情']]",,26594404,,4.5,,2016,放弃我，抓紧我‎ (2016)
,,,,,26930554,,
,,,,,26593271,,
,,,,,26415258,,
,,,,,25789443,,
,,,,,26605913,,
,,,,,26715683,,
,,,,,26976504,,
,,,,,26613438,,
,,,,,26817105,,
,,,,,26918907,,
,,,,,26615597,,
,,,,,26861028,,
,,,,,26818333,,
,,,,,26344999,,
,,,,,26790196,,
,,,,,26427117,,
,,,,,26912437,,
"[['喜剧', '武侠', '古装']]",,26776529,,5.8,,2016,西涯侠‎ (2016)
,,,,,26614136,,
,,,,,26358588,,
,,,,,26133362,,
"[['剧情', '古装']]",,25789443,,3.3,,2016,美人私房菜‎ (2016)
"[['剧情', '武侠', '古装']]",,26930554,,6.0,,2016,画江湖之不良人2‎ (2016)
"[['剧情', '喜剧']]",,26415258,,4.9,,2016,老公们的私房钱‎ (2016)
"[['剧情', '武侠', '古装']]",,26593271,,3.2,,2016,飞刀又见飞刀‎ (2016)
"[['奇幻', '古装']]",,26817105,,4.6,,2016,屏里狐‎ (2016)
[['爱情']],,26615597,,5.3,,2016,相爱穿梭千年2：月光下的交换‎ (2016)
[['家庭']],,26918907,,2.9,,2016,黄大妮‎ (2016)
[['犯罪']],,26605913,,6.5,,2016,心理罪2‎ (2016)
"[['剧情', '悬疑']]",,26613438,,3.4,,2016,藏地密码‎ (2016)
[['动画']],,26976504,,8.0,,2016,天下第几‎ (2016)
"[['喜剧', '古装']]",,26715683,,4.1,,2016,极品家丁‎ (2016)
"[['剧情', '悬疑']]",,26133362,,4.0,,2016,心如铁‎ (2016)
"[['剧情', '爱情']]",,26358588,,5.3,,2016,咱们相爱吧‎ (2016)
,,,,,26670687,,
,,,,,26969075,,
,,,,,26345137,,
,,,,,26614086,,
,,,,,26887059,,
,,,,,26675615,,
,,,,,26897011,,
,,,,,26674019,,
,,,,,26882249,,
,,,,,26720129,,
,,,,,26888884,,
,,,,,26882250,,
"[['剧情', '家庭']]",,26614136,,4.8,,2016,嘿，孩子！‎ (2016)
,,,,,26638493,,
,,,,,25023165,,
,,,,,26765418,,
,,,,,26358699,,
,,,,,26638416,,
,,,,,10726963,,
,,,,,26878993,,
[['喜剧']],,26912437,,7.5,,2016,国产大英雄 第二季‎ (2016)
[['剧情']],,26427117,,4.4,,2016,不可能完成的任务‎ (2016)
[['剧情']],,26790196,,3.3,,2016,小草青青‎ (2016)
"[['剧情', '爱情', '古装']]",,26344999,,4.7,,2016,锦绣未央‎ (2016)
"[['奇幻', '音乐']]",,26861028,,7.5,,2016,薛定谔的猫‎ (2016)
,,,,,26743541,,
"[['悬疑', '古装']]",,26818333,,5.1,,2016,妖出长安‎ (2016)
"[['悬疑', '奇幻']]",,26670687,,7.7,,2016,灵魂摆渡3‎ (2016)
"[['剧情', '爱情', '悬疑']]",,26345137,,7.2,,2016,如果蜗牛有爱情‎ (2016)
"[['喜剧', '古装']]",,26675615,,6.2,,2016,欢喜密探‎ (2016)
"[['动画', '短片']]",,26969075,,8.9,,2016,一禅小和尚‎ (2016)
"[['爱情', '悬疑']]",,26614086,,5.9,,2016,美人为馅‎ (2016)
"[['剧情', '动作', '动画']]",,26887059,,6.2,,2016,生死回放‎ (2016)
"[['剧情', '动画']]",,26882250,,4.7,,2016,一课一练 チーティングクラフト‎ (2016)
"[['喜剧', '动画']]",,26888884,,8.7,,2016,凸变英雄 TO BE HERO‎ (2016)
"[['喜剧', '奇幻']]",,26720129,,6.5,,2016,我不是妖怪‎ (2016)
"[['剧情', '悬疑']]",,26674019,,7.0,,2016,法医秦明‎ (2016)
"[['剧情', '科幻']]",,26882249,,5.5,,2016,器灵 第一季‎ (2016)
"[['爱情', '短片']]",,26897011,,6.5,,2016,解忧买手店‎ (2016)
[['剧情']],,26638416,,5.0,,2016,我的父亲我的兵‎ (2016)
[['剧情']],,26878993,,3.6,,2016,遥远的距离‎ (2016)
"[['剧情', '历史', '战争']]",,10726963,,8.2,,2016,好家伙‎ (2016)
"[['剧情', '悬疑']]",,26358699,,5.8,,2016,胭脂‎ (2016)
"[['武侠', '古装']]",,26743541,,8.2,,2016,画江湖之不良人‎ (2016)
"[['剧情', '古装']]",,25023165,,6.0,,2016,兰陵王妃‎ (2016)
[['剧情']],,26638493,,2.7,,2016,木兰妈妈‎ (2016)
"[['剧情', '爱情', '奇幻']]",,26765418,,5.7,,2016,超星星学园‎ (2016)
